<?xml version="1.0" encoding="UTF-8"?>
<!--
    Copyright 2006-2009 The Kuali Foundation.

    Licensed under the Educational Community License, Version 1.0 (the "License");
    you may not use this file except in compliance with the License.
    You may obtain a copy of the License at

    http://www.opensource.org/licenses/ecl1.php

    Unless required by applicable law or agreed to in writing, software
    distributed under the License is distributed on an "AS IS" BASIS,
    WITHOUT WARRANTIES OR CONDITIONS OF ANY KIND, either express or implied.
    See the License for the specific language governing permissions and
    limitations under the License.
-->
<beans xmlns="http://www.springframework.org/schema/beans"
       xmlns:xsi="http://www.w3.org/2001/XMLSchema-instance"
       xmlns:aop="http://www.springframework.org/schema/aop"
       xmlns:tx="http://www.springframework.org/schema/tx"
       xsi:schemaLocation="http://www.springframework.org/schema/beans
                           http://www.springframework.org/schema/beans/spring-beans-2.0.xsd
                           http://www.springframework.org/schema/tx
                           http://www.springframework.org/schema/tx/spring-tx-2.0.xsd
                           http://www.springframework.org/schema/aop
                           http://www.springframework.org/schema/aop/spring-aop-2.0.xsd">
                           
    <bean id="customModuleConfiguration" parent="customModuleConfiguration-parentBean" />
    
    <bean id="customModuleConfiguration-parentBean" class="org.kuali.rice.kns.bo.ModuleConfiguration" abstract="true">
        <property name="databaseRepositoryFilePaths">
            <list>
                <value>org/kuali/kra/custom/repository-custom.xml</value>
            </list>
        </property>
    </bean>
    <bean id="customService" class="org.kuali.kra.custom.CustomServiceImpl">
    </bean> 
	<bean id="meetingService" class="org.kuali.kra.custom.MeetingServiceImpl">
	    <property name="businessObjectService" ref="businessObjectService" />
	</bean>
	<!-- for test
	<bean id="config" class="org.kuali.rice.core.config.spring.ConfigFactoryBean">
		<property name="configLocations">
			<list>
				<value>classpath:META-INF/kc-test-config.xml</value>
			</list>
		</property>
	</bean>
 -->
    
</beans>